{
  "Author": "GiR-Zippo, Meowchestra",
  "Name": "HypnotoadPlugin",
  "InternalName": "HypnotoadPlugin",
  "AssemblyVersion": "0.0.1.16",
  "Description": "LightAmp companion for enhanced functionality.",
  "ApplicableVersion": "any",
  "Tags": [
    "LightAmp",
    "Midi",
    "Bard",
    "Doot"
  ],
  "DalamudApiLevel": 9,
  "LoadRequiredState": 0,
  "LoadSync": false,
  "CanUnloadAsync": false,
  "LoadPriority": 0,
  "Punchline": "LightAmp companion for enhanced functionality.",
  "AcceptsFeedback": true
}